{"left_ankle_extension": 111.35724460972085, "left_knee_extension": 126.38474029254112, "left_hip_extension": 128.38072206806476, "left_hip_abduction": 96.40896285998255, "left_shoulder_elevation": 26.873478479577876, "left_shoulder_abduction": 114.90191534113586, "left_elbow_extension": 148.9421273827831, "right_ankle_extension": 117.21982962822337, "right_knee_extension": 170.22196493369367, "right_hip_extension": 152.31154799473384, "right_hip_abduction": 101.93843971427829, "right_shoulder_elevation": 32.11487035540188, "right_shoulder_abduction": 103.90232648924817, "right_elbow_extension": 132.34810124401744}