{"left_ankle_extension": 134.31616730880754, "left_knee_extension": 162.37441075936172, "left_hip_extension": 101.09864085195161, "left_hip_abduction": 104.5354569996988, "left_shoulder_elevation": 29.792130370658114, "left_shoulder_abduction": 113.87801717609706, "left_elbow_extension": 148.52046946849197, "right_ankle_extension": 121.64586570645031, "right_knee_extension": 173.285818110589, "right_hip_extension": 155.05938008580372, "right_hip_abduction": 107.80612216940904, "right_shoulder_elevation": 24.404351392881253, "right_shoulder_abduction": 100.55835581524403, "right_elbow_extension": 134.1459999540612}