{"left_ankle_extension": 134.4328181215264, "left_knee_extension": 158.28082045722851, "left_hip_extension": 147.89536279732494, "left_hip_abduction": 115.56088007919747, "left_shoulder_elevation": 20.93454649363071, "left_shoulder_abduction": 103.12976629977484, "left_elbow_extension": 162.7839456780836, "right_ankle_extension": 149.74998597172063, "right_knee_extension": 146.12927641570678, "right_hip_extension": 106.05006143921844, "right_hip_abduction": 122.2966459879275, "right_shoulder_elevation": 19.743268153074023, "right_shoulder_abduction": 102.5608001817811, "right_elbow_extension": 141.49555684869216}