{"left_ankle_extension": 161.70093895979252, "left_knee_extension": 146.35075381525994, "left_hip_extension": 107.39916380865809, "left_hip_abduction": 110.36109839668867, "left_shoulder_elevation": 68.53823126349808, "left_shoulder_abduction": 131.3504814166197, "left_elbow_extension": 126.59846608561814, "right_ankle_extension": 166.67470319807063, "right_knee_extension": 163.40593370814074, "right_hip_extension": 143.00652157915067, "right_hip_abduction": 128.39295645859627, "right_shoulder_elevation": 30.40694447406733, "right_shoulder_abduction": 112.4369686996254, "right_elbow_extension": 146.4604803351093}