{"left_ankle_extension": 133.88967942787406, "left_knee_extension": 170.81122362300403, "left_hip_extension": 105.60435356357193, "left_hip_abduction": 108.92624187842496, "left_shoulder_elevation": 28.471460099313926, "left_shoulder_abduction": 117.03282708579043, "left_elbow_extension": 148.01631650266998, "right_ankle_extension": 129.1648081712958, "right_knee_extension": 169.89485016325406, "right_hip_extension": 147.7897117647292, "right_hip_abduction": 110.88673672764835, "right_shoulder_elevation": 24.410326859145705, "right_shoulder_abduction": 98.60984328848046, "right_elbow_extension": 131.99270286419278}