{"left_ankle_extension": 100.23511125586329, "left_knee_extension": 147.12376112900554, "left_hip_extension": 152.98389956600667, "left_hip_abduction": 117.674434132653, "left_shoulder_elevation": 25.37431827703132, "left_shoulder_abduction": 98.53795138622175, "left_elbow_extension": 171.58382333745845, "right_ankle_extension": 128.76047994929678, "right_knee_extension": 152.56728505222276, "right_hip_extension": 82.14781258074501, "right_hip_abduction": 156.23049232715104, "right_shoulder_elevation": 40.321742157363325, "right_shoulder_abduction": 118.61600795054447, "right_elbow_extension": 119.36495288446116}