{"left_ankle_extension": 104.75635416179114, "left_knee_extension": 151.08545950495804, "left_hip_extension": 158.18359283333552, "left_hip_abduction": 113.27248804377918, "left_shoulder_elevation": 34.56706912786246, "left_shoulder_abduction": 118.37769300552345, "left_elbow_extension": 152.84843956638863, "right_ankle_extension": 138.547234447075, "right_knee_extension": 174.77245560325858, "right_hip_extension": 107.59417833632156, "right_hip_abduction": 148.65304840125538, "right_shoulder_elevation": 27.175400059449014, "right_shoulder_abduction": 116.28306406604078, "right_elbow_extension": 127.10675225141073}