{"left_ankle_extension": 100.0292171536513, "left_knee_extension": 147.77771392052225, "left_hip_extension": 159.5686524019602, "left_hip_abduction": 113.01256771116492, "left_shoulder_elevation": 24.739313964165508, "left_shoulder_abduction": 110.55690894912121, "left_elbow_extension": 162.5821314767796, "right_ankle_extension": 147.46313915925234, "right_knee_extension": 170.4191403313197, "right_hip_extension": 106.39257676376062, "right_hip_abduction": 145.97307647031923, "right_shoulder_elevation": 84.22476787607673, "right_shoulder_abduction": 167.15355437028936, "right_elbow_extension": 87.33806123938457}