{"left_ankle_extension": 102.77810051358054, "left_knee_extension": 146.117764305883, "left_hip_extension": 156.3143272729842, "left_hip_abduction": 115.94166793119656, "left_shoulder_elevation": 26.161235155199336, "left_shoulder_abduction": 112.62487453967009, "left_elbow_extension": 163.30631870670587, "right_ankle_extension": 145.41975484414777, "right_knee_extension": 178.93084497599094, "right_hip_extension": 111.83765358312777, "right_hip_abduction": 146.08794199369086, "right_shoulder_elevation": 24.922816236279527, "right_shoulder_abduction": 108.44811801105011, "right_elbow_extension": 122.78234543349151}