{"left_ankle_extension": 107.01171634309685, "left_knee_extension": 150.78965028457932, "left_hip_extension": 159.58646235422287, "left_hip_abduction": 117.54438451573002, "left_shoulder_elevation": 10.720323123222007, "left_shoulder_abduction": 97.85492281897251, "left_elbow_extension": 167.04186403360643, "right_ankle_extension": 158.8782402517709, "right_knee_extension": 162.34812908157113, "right_hip_extension": 97.7393813994118, "right_hip_abduction": 152.32954742167107, "right_shoulder_elevation": 31.324561393830255, "right_shoulder_abduction": 107.53409020258765, "right_elbow_extension": 145.10135450093787}