{"left_ankle_extension": 102.98629409583758, "left_knee_extension": 145.9950251938108, "left_hip_extension": 156.96010967319484, "left_hip_abduction": 114.78316818710297, "left_shoulder_elevation": 23.354340878284344, "left_shoulder_abduction": 103.49402887204135, "left_elbow_extension": 166.42234126178494, "right_ankle_extension": 143.7269381758795, "right_knee_extension": 153.25011054841508, "right_hip_extension": 94.27402750235487, "right_hip_abduction": 159.59788457405634, "right_shoulder_elevation": 20.35176707257131, "right_shoulder_abduction": 108.04292775429843, "right_elbow_extension": 115.4172814798768}