{"left_ankle_extension": 130.23760001119012, "left_knee_extension": 149.61170156688124, "left_hip_extension": 142.16389816507012, "left_hip_abduction": 98.87841811415937, "left_shoulder_elevation": 19.773107064025922, "left_shoulder_abduction": 95.93079891910257, "left_elbow_extension": 152.8180541401348, "right_ankle_extension": 122.81881148375048, "right_knee_extension": 155.31543178898525, "right_hip_extension": 161.5658644691075, "right_hip_abduction": 99.20181747126054, "right_shoulder_elevation": 25.073984498768816, "right_shoulder_abduction": 98.281961663326, "right_elbow_extension": 139.72866743112252}