{"left_ankle_extension": 120.63767809181796, "left_knee_extension": 143.8172349130627, "left_hip_extension": 153.82489247485978, "left_hip_abduction": 92.68910742331242, "left_shoulder_elevation": 63.055649039021645, "left_shoulder_abduction": 96.27540752057645, "left_elbow_extension": 86.3502570521776, "right_ankle_extension": 125.70304502094864, "right_knee_extension": 148.19707280493964, "right_hip_extension": 166.9495464608033, "right_hip_abduction": 100.63572825121554, "right_shoulder_elevation": 40.60909414320335, "right_shoulder_abduction": 118.0700770165404, "right_elbow_extension": 121.23079315915277}