{"left_ankle_extension": 133.2211406551, "left_knee_extension": 158.2747808727917, "left_hip_extension": 145.63983568277723, "left_hip_abduction": 105.11857544233158, "left_shoulder_elevation": 72.68620717010324, "left_shoulder_abduction": 128.39820907893883, "left_elbow_extension": 85.66767741261248, "right_ankle_extension": 137.7361199907266, "right_knee_extension": 171.8026043164198, "right_hip_extension": 160.28918097836723, "right_hip_abduction": 102.30264582851329, "right_shoulder_elevation": 56.21414725612167, "right_shoulder_abduction": 110.68776741931211, "right_elbow_extension": 112.49515876711249}