{"left_ankle_extension": 124.72534844645622, "left_knee_extension": 144.7307289744311, "left_hip_extension": 135.59694632243193, "left_hip_abduction": 113.11064479497202, "left_shoulder_elevation": 75.03625338830031, "left_shoulder_abduction": 129.80536889303053, "left_elbow_extension": 90.9334324253842, "right_ankle_extension": 133.24850734532686, "right_knee_extension": 166.45127025154292, "right_hip_extension": 152.86682379255075, "right_hip_abduction": 111.91866349787031, "right_shoulder_elevation": 56.41512442381182, "right_shoulder_abduction": 127.81401989240337, "right_elbow_extension": 129.22800363380125}