{"left_ankle_extension": 124.62151617340868, "left_knee_extension": 138.47488972778692, "left_hip_extension": 161.19095280979812, "left_hip_abduction": 96.90147298147691, "left_shoulder_elevation": 62.524951236114994, "left_shoulder_abduction": 110.75075195560831, "left_elbow_extension": 93.43338795440879, "right_ankle_extension": 120.53552617722839, "right_knee_extension": 148.57875850931114, "right_hip_extension": 166.6463967541707, "right_hip_abduction": 101.20177146406847, "right_shoulder_elevation": 46.10763231390877, "right_shoulder_abduction": 113.26846931810063, "right_elbow_extension": 121.79999612541262}