{"left_ankle_extension": 117.66101035933208, "left_knee_extension": 136.35679049705593, "left_hip_extension": 151.71291522676202, "left_hip_abduction": 93.34467610980073, "left_shoulder_elevation": 61.57876734930018, "left_shoulder_abduction": 94.11722243254304, "left_elbow_extension": 92.89585891541432, "right_ankle_extension": 120.69823336201276, "right_knee_extension": 140.70023313731508, "right_hip_extension": 165.79749194052937, "right_hip_abduction": 103.2196663872452, "right_shoulder_elevation": 37.75696986300822, "right_shoulder_abduction": 116.96507492302449, "right_elbow_extension": 108.31466495357014}