{"left_ankle_extension": 126.7921306636917, "left_knee_extension": 136.1653855278095, "left_hip_extension": 153.31603506182657, "left_hip_abduction": 92.79624256880095, "left_shoulder_elevation": 58.14728297429262, "left_shoulder_abduction": 98.24848077782462, "left_elbow_extension": 101.1611745083058, "right_ankle_extension": 118.21939910999072, "right_knee_extension": 146.0264939589143, "right_hip_extension": 163.25803906928573, "right_hip_abduction": 104.96626253340095, "right_shoulder_elevation": 47.407753472853486, "right_shoulder_abduction": 117.12614119395289, "right_elbow_extension": 119.75423605600348}