{"left_ankle_extension": 122.95081871186677, "left_knee_extension": 153.4844003395584, "left_hip_extension": 156.87891326681248, "left_hip_abduction": 93.57195161003627, "left_shoulder_elevation": 39.4512642479389, "left_shoulder_abduction": 100.39040685673106, "left_elbow_extension": 144.57462969189845, "right_ankle_extension": 123.61096128854354, "right_knee_extension": 159.84285210508028, "right_hip_extension": 163.5498604519765, "right_hip_abduction": 100.0735223581799, "right_shoulder_elevation": 61.14485541709206, "right_shoulder_abduction": 127.19041528059303, "right_elbow_extension": 96.60338725736256}