{"left_ankle_extension": 135.45735018308832, "left_knee_extension": 162.5769782507231, "left_hip_extension": 138.75791070041092, "left_hip_abduction": 90.93617812128291, "left_shoulder_elevation": 29.393668530951008, "left_shoulder_abduction": 95.1406383646603, "left_elbow_extension": 165.93641965828252, "right_ankle_extension": 120.36044815071398, "right_knee_extension": 156.28115455301017, "right_hip_extension": 173.26523565969217, "right_hip_abduction": 92.90371931815972, "right_shoulder_elevation": 51.02875793921366, "right_shoulder_abduction": 82.3548160558261, "right_elbow_extension": 68.67502182101143}