{"left_ankle_extension": 140.83084689953026, "left_knee_extension": 132.5193042781871, "left_hip_extension": 142.83171632215826, "left_hip_abduction": 80.45232686979936, "left_shoulder_elevation": 49.49099211108557, "left_shoulder_abduction": 82.83074952988217, "left_elbow_extension": 93.2476259144734, "right_ankle_extension": 132.61598474575158, "right_knee_extension": 123.84955209893249, "right_hip_extension": 134.79132714735127, "right_hip_abduction": 86.72803236662686, "right_shoulder_elevation": 24.360609802087428, "right_shoulder_abduction": 108.94978632365462, "right_elbow_extension": 40.669917819735126}