{"left_ankle_extension": 137.22484602076034, "left_knee_extension": 88.20429117753301, "left_hip_extension": 92.03476498710867, "left_hip_abduction": 76.54667923528966, "left_shoulder_elevation": 25.50177595987494, "left_shoulder_abduction": 96.22795017664605, "left_elbow_extension": 75.64933083321769, "right_ankle_extension": 122.99827709072775, "right_knee_extension": 160.37429471534384, "right_hip_extension": 175.55457819129407, "right_hip_abduction": 86.66936727600122, "right_shoulder_elevation": 33.30980966524005, "right_shoulder_abduction": 104.07987317496062, "right_elbow_extension": 73.50426587136697}