{"left_ankle_extension": 135.87479095636212, "left_knee_extension": 90.41505915735844, "left_hip_extension": 87.95074134425505, "left_hip_abduction": 68.99713541484996, "left_shoulder_elevation": 35.40217596566009, "left_shoulder_abduction": 95.59436109375434, "left_elbow_extension": 64.39152915289813, "right_ankle_extension": 116.64069195183089, "right_knee_extension": 152.46802881303452, "right_hip_extension": 166.3806541460354, "right_hip_abduction": 83.22991806128341, "right_shoulder_elevation": 29.90987761408197, "right_shoulder_abduction": 95.70248792952887, "right_elbow_extension": 65.48905208357336}