{"left_ankle_extension": 136.48565023964474, "left_knee_extension": 89.68414013563277, "left_hip_extension": 94.48467764668504, "left_hip_abduction": 71.70498063411563, "left_shoulder_elevation": 25.30415298273079, "left_shoulder_abduction": 97.47895879539305, "left_elbow_extension": 146.23798594789614, "right_ankle_extension": 117.6466276852056, "right_knee_extension": 150.6780853120107, "right_hip_extension": 167.49682126552722, "right_hip_abduction": 87.7170485067137, "right_shoulder_elevation": 37.034280930924524, "right_shoulder_abduction": 108.19569927528798, "right_elbow_extension": 56.83426596085174}