{"left_ankle_extension": 133.89684099968457, "left_knee_extension": 97.57380554406247, "left_hip_extension": 112.83663901855186, "left_hip_abduction": 98.45879540998085, "left_shoulder_elevation": 21.583868975099904, "left_shoulder_abduction": 102.74302201659275, "left_elbow_extension": 116.70424469046871, "right_ankle_extension": 124.34759275077782, "right_knee_extension": 156.85309191901342, "right_hip_extension": 164.42573583433656, "right_hip_abduction": 102.7749875121636, "right_shoulder_elevation": 57.75268821155114, "right_shoulder_abduction": 112.35822125183287, "right_elbow_extension": 107.14670349611133}