{"left_ankle_extension": 101.83741710583686, "left_knee_extension": 142.84372104096013, "left_hip_extension": 145.43978835163352, "left_hip_abduction": 103.60762754256704, "left_shoulder_elevation": 21.233404818777938, "left_shoulder_abduction": 97.67261673503332, "left_elbow_extension": 163.94312835119158, "right_ankle_extension": 142.65079265903927, "right_knee_extension": 154.69421950279605, "right_hip_extension": 102.38353007602385, "right_hip_abduction": 129.59539243431618, "right_shoulder_elevation": 8.717589236980771, "right_shoulder_abduction": 92.59221197607143, "right_elbow_extension": 147.99776377387158}