{"left_ankle_extension": 103.46439851395326, "left_knee_extension": 151.71815581949286, "left_hip_extension": 153.5169159150321, "left_hip_abduction": 120.03712365888832, "left_shoulder_elevation": 34.52517310626525, "left_shoulder_abduction": 106.89833878714164, "left_elbow_extension": 162.97411084395003, "right_ankle_extension": 146.1504873803751, "right_knee_extension": 171.8640937715565, "right_hip_extension": 78.02857817711624, "right_hip_abduction": 142.93310110180082, "right_shoulder_elevation": 9.685094758549088, "right_shoulder_abduction": 94.48199301315934, "right_elbow_extension": 147.76389980218775}