{"left_ankle_extension": 105.60463934429782, "left_knee_extension": 150.86294815986162, "left_hip_extension": 150.4827859487526, "left_hip_abduction": 121.63191569352291, "left_shoulder_elevation": 31.1241166103169, "left_shoulder_abduction": 105.24904869785371, "left_elbow_extension": 159.25069340936437, "right_ankle_extension": 144.33978352914133, "right_knee_extension": 166.6715213755611, "right_hip_extension": 79.51960665964079, "right_hip_abduction": 149.05066666501781, "right_shoulder_elevation": 10.81179738281094, "right_shoulder_abduction": 97.18676448412354, "right_elbow_extension": 142.92913120540524}