{"left_ankle_extension": 129.85501847163923, "left_knee_extension": 135.86317270989653, "left_hip_extension": 159.9495838956886, "left_hip_abduction": 84.11785812648198, "left_shoulder_elevation": 29.36325961352315, "left_shoulder_abduction": 99.24320997889751, "left_elbow_extension": 40.90811696053298, "right_ankle_extension": 131.04112789581075, "right_knee_extension": 150.14779517090068, "right_hip_extension": 171.4129440479933, "right_hip_abduction": 86.12523851006563, "right_shoulder_elevation": 19.214080577873844, "right_shoulder_abduction": 98.70336942874019, "right_elbow_extension": 122.0219192094181}