{"left_ankle_extension": 115.81304678976964, "left_knee_extension": 145.70478515867805, "left_hip_extension": 157.679878006781, "left_hip_abduction": 99.83307910464202, "left_shoulder_elevation": 20.44902706642922, "left_shoulder_abduction": 112.77238268010548, "left_elbow_extension": 170.28426643718535, "right_ankle_extension": 107.26129992849276, "right_knee_extension": 115.97489806796396, "right_hip_extension": 131.74321549815403, "right_hip_abduction": 107.99867819185306, "right_shoulder_elevation": 42.113561153770796, "right_shoulder_abduction": 116.96877522175615, "right_elbow_extension": 65.74305247598895}