{"left_ankle_extension": 111.32766281388915, "left_knee_extension": 143.20871245682807, "left_hip_extension": 158.10585857905747, "left_hip_abduction": 95.21968417263555, "left_shoulder_elevation": 62.16207420376614, "left_shoulder_abduction": 96.32836588860702, "left_elbow_extension": 64.4488632982699, "right_ankle_extension": 127.94812958078344, "right_knee_extension": 126.71324803948114, "right_hip_extension": 129.83242071696478, "right_hip_abduction": 134.25055808237494, "right_shoulder_elevation": 14.304186757133149, "right_shoulder_abduction": 104.68006820455143, "right_elbow_extension": 143.8808947481234}