{"left_ankle_extension": 169.51871660930234, "left_knee_extension": 171.95207953824735, "left_hip_extension": 107.18006925222707, "left_hip_abduction": 154.14710132804547, "left_shoulder_elevation": 49.165158524649584, "left_shoulder_abduction": 140.18775879683375, "left_elbow_extension": 148.0591316544222, "right_ankle_extension": 162.7468092304935, "right_knee_extension": 166.3683664447839, "right_hip_extension": 144.70403596483106, "right_hip_abduction": 114.94628912125603, "right_shoulder_elevation": 54.458000917178545, "right_shoulder_abduction": 114.08536139400597, "right_elbow_extension": 100.2841193940801}