{"left_ankle_extension": 131.36859069547708, "left_knee_extension": 151.5356874131757, "left_hip_extension": 167.22333963681677, "left_hip_abduction": 89.38026353590921, "left_shoulder_elevation": 31.957346568492163, "left_shoulder_abduction": 90.25293480814457, "left_elbow_extension": 168.11696868975594, "right_ankle_extension": 121.83001548610355, "right_knee_extension": 122.66273358487182, "right_hip_extension": 134.92954635738744, "right_hip_abduction": 140.00446670612843, "right_shoulder_elevation": 40.03736964592932, "right_shoulder_abduction": 135.68603513590878, "right_elbow_extension": 126.50783691303232}