{"left_ankle_extension": 168.74097128490158, "left_knee_extension": 176.53118000399985, "left_hip_extension": 88.29519298152508, "left_hip_abduction": 156.8758553407805, "left_shoulder_elevation": 55.04813966678255, "left_shoulder_abduction": 140.30914244903136, "left_elbow_extension": 149.10847210717486, "right_ankle_extension": 158.4917130935734, "right_knee_extension": 169.45391457030462, "right_hip_extension": 137.1289669160525, "right_hip_abduction": 131.6912421368483, "right_shoulder_elevation": 95.4945067559189, "right_shoulder_abduction": 156.0749023239036, "right_elbow_extension": 100.80276830762672}