{"left_ankle_extension": 164.1425259877649, "left_knee_extension": 169.91038906711105, "left_hip_extension": 100.96354711737031, "left_hip_abduction": 134.22659594656682, "left_shoulder_elevation": 52.94275809351437, "left_shoulder_abduction": 141.33896556550002, "left_elbow_extension": 150.90008160267493, "right_ankle_extension": 138.83871226823328, "right_knee_extension": 173.9952993862498, "right_hip_extension": 155.15709967254347, "right_hip_abduction": 109.37249286844917, "right_shoulder_elevation": 43.99327626928874, "right_shoulder_abduction": 70.1090640585092, "right_elbow_extension": 98.18513407526122}