{"left_ankle_extension": 169.94594523308945, "left_knee_extension": 157.9679257456803, "left_hip_extension": 109.11143579415368, "left_hip_abduction": 109.41009723672117, "left_shoulder_elevation": 53.8582987522008, "left_shoulder_abduction": 129.55532681252325, "left_elbow_extension": 153.2250726039227, "right_ankle_extension": 116.18564718755715, "right_knee_extension": 154.8764130093543, "right_hip_extension": 166.2464207474549, "right_hip_abduction": 101.83913915683114, "right_shoulder_elevation": 47.6963210245292, "right_shoulder_abduction": 82.44952179653312, "right_elbow_extension": 100.32680531237042}