{"left_ankle_extension": 158.7731671671798, "left_knee_extension": 131.7329784194956, "left_hip_extension": 130.48905367454194, "left_hip_abduction": 80.93546619207507, "left_shoulder_elevation": 46.93278880617626, "left_shoulder_abduction": 106.60798717640185, "left_elbow_extension": 143.75434936902076, "right_ankle_extension": 123.69223472114706, "right_knee_extension": 128.5801231347168, "right_hip_extension": 161.11716884916595, "right_hip_abduction": 107.46918237685479, "right_shoulder_elevation": 24.065513049709928, "right_shoulder_abduction": 88.31294638858124, "right_elbow_extension": 125.45491851526609}