{"left_ankle_extension": 175.12796849967208, "left_knee_extension": 172.932639404946, "left_hip_extension": 103.35749014515048, "left_hip_abduction": 142.82507894965673, "left_shoulder_elevation": 48.66419581192926, "left_shoulder_abduction": 136.04988430494723, "left_elbow_extension": 143.61302215236293, "right_ankle_extension": 169.23829114341262, "right_knee_extension": 174.78487231680026, "right_hip_extension": 145.88771488485037, "right_hip_abduction": 116.4699733563848, "right_shoulder_elevation": 30.849821762109265, "right_shoulder_abduction": 85.40363211989765, "right_elbow_extension": 100.70305076836999}