{"left_ankle_extension": 161.3731320953665, "left_knee_extension": 167.4935737749082, "left_hip_extension": 96.39234337669112, "left_hip_abduction": 142.83366039817543, "left_shoulder_elevation": 56.724858635086214, "left_shoulder_abduction": 138.80757002158973, "left_elbow_extension": 148.5828404867461, "right_ankle_extension": 161.38321659289517, "right_knee_extension": 178.09878101205726, "right_hip_extension": 146.86065024916775, "right_hip_abduction": 128.08641510460288, "right_shoulder_elevation": 25.694980854284445, "right_shoulder_abduction": 97.1536880418038, "right_elbow_extension": 145.74415228163198}